{"schemaVersion":"1.0","appDefinitionTemplate":{"id":"/providers/Microsoft.PowerApps/apps/","type":"Microsoft.PowerApps/apps","tags":{"primaryDeviceWidth":"768","primaryDeviceHeight":"1366","sienaVersion":"20210119T123818Z-3.20123.24.0","deviceCapabilities":"","supportsPortrait":"true","supportsLandscape":"false","primaryFormFactor":"Tablet","publisherVersion":"3.20123.24","minimumRequiredApiVersion":"2.2.0","hasComponent":"false","hasUnlockedComponent":"false","isUnifiedRootApp":"false"},"properties":{"appVersion":"2021-01-19T12:38:18Z","lifeCycleId":"Published","createdByClientVersion":{"major":3,"minor":20123,"build":24,"revision":0,"majorRevision":0,"minorRevision":0},"minClientVersion":{"major":3,"minor":20123,"build":24,"revision":0,"majorRevision":0,"minorRevision":0},"backgroundColor":"rgba(0, 176, 240, 1)","backgroundImageUri":"/2247690868206815250/Na5f87e45-5e7b-4115-bd95-e6bd20844aa8-logoSmallFile","displayName":"Adorns Home Leave Request","description":"Submit a vacation request for manager approval. Select date ranges, add notes and manage your time off.","commitMessage":"","appUris":{"documentUri":{"value":"/2247690868206815250/N5dd61e75-494b-4327-ac29-b89124926c3e-document.msapp"},"imageUris":[]},"createdTime":"0001-01-01T00:00:00Z","lastModifiedTime":"0001-01-01T00:00:00Z","sharedGroupsCount":0,"sharedUsersCount":0,"icons":{"smallIconUri":"/2247690868206815250/Nfebb6e52-3d2f-4bf5-8275-1c52f96dc2cf-small.png","mediumIconUri":"/2247690868206815250/Nf02cffd3-8f89-4779-b99e-9997b6a1b355-medium.png","largeIconUri":"/2247690868206815250/N25e58a9e-ce2b-44bc-a310-ff58a80a1bb6-large.png","wideIconUri":"/2247690868206815250/Nb1a3bc69-407f-405c-8935-dea5f1fd8ab7-wide.png"},"connectionReferences":{"6f72918a-7921-fa64-14bf-78187ad1b172":{"id":"d75443bb-dcf0-4c87-b874-22db3d5badf8","displayName":"Office 365 Users","iconUri":"https://connectoricons-prod.azureedge.net/releases/v1.0.1430/1.0.1430.2296/office365users/icon.png","dataSources":["Office365Users"],"dependencies":[],"dependents":[],"parameterHints":{},"isOnPremiseConnection":false,"bypassConsent":false,"dataSets":{},"apiTier":"Standard","isCustomApiConnection":false,"actions":["MyProfile","Manager","UserPhotoMetadata","UserPhoto","UserProfile","SearchUser"]},"12f73af9-777f-4fd4-a512-da2f66fd7501":{"id":"6090756d-7dea-4d3c-b05f-822b493c6573","displayName":"Office 365 Outlook","iconUri":"https://connectoricons-prod.azureedge.net/releases/v1.0.1431/1.0.1431.2301/office365/icon.png","dataSources":["Office365"],"dependencies":[],"dependents":[],"parameterHints":{},"isOnPremiseConnection":false,"bypassConsent":false,"dataSets":{},"apiTier":"Standard","isCustomApiConnection":false,"actions":["SendEmailV2"]}},"databaseReferences":{},"almMode":"Environment","performanceOptimizationEnabled":true,"canConsumeAppPass":true,"executionRestrictions":{"isTeamsOnly":false,"dataLossPreventionEvaluationResult":{"status":"Compliant","lastEvaluationDate":"2021-01-19T11:51:23.2810523Z","violationDetails":[]}}},"isAppComponentLibrary":false,"appType":"ClassicCanvasApp","appComponents":[]}}